Stock Symbol,Company Name,Current Price,10 EMA,In Uptrend,Distance %,EMA Touched,Touch Date,Touch Distance %,Is Consolidating,Volatility Ratio,Avg Distance from EMA,EMA Rising,Final Result,Failure Reason
RELIANCE.NS,Reliance Industries,1207.7,1203.08,True,0.38,True,2026-10-07,0.0,False,0.0156,2.13,False,FAIL,EMA not rising
HDFCBANK.NS,HDFC Bank,702.75,714.85,False,,False,,,False,,,False,FAIL,Not in uptrend
BHARTIARTL.NS,Bharti Airtel,1833.9,1793.62,True,2.25,True,2026-10-07,0.0,False,0.0159,1.9,False,FAIL,EMA not rising
TCS.NS,Tata Consultancy Services,2080.3,2092.49,False,,False,,,False,,,False,FAIL,Not in uptrend
ICICIBANK.NS,ICICI Bank,1357.5,1333.52,True,1.8,True,2026-10-07,0.0,False,0.0169,1.5,False,FAIL,EMA not rising
SBIN.NS,State Bank of India,954.0,963.92,False,,False,,,False,,,False,FAIL,Not in uptrend
INFY.NS,Infosys,992.0,1017.05,False,,False,,,False,,,False,FAIL,Not in uptrend
BAJFINANCE.NS,Bajaj Finance,963.85,973.5,False,,False,,,False,,,False,FAIL,Not in uptrend
LT.NS,Larsen & Toubro,3701.5,3763.38,False,,False,,,False,,,False,FAIL,Not in uptrend
HINDUNILVR.NS,Hindustan Unilever,1865.4,1879.21,False,,False,,,False,,,False,FAIL,Not in uptrend
LICI.NS,LIC of India,386.3,393.42,False,,False,,,False,,,False,FAIL,Not in uptrend
MARUTI.NS,Maruti Suzuki,11450.0,11713.47,False,,False,,,False,,,False,FAIL,Not in uptrend
M&M.NS,Mahindra & Mahindra,2800.0,2904.36,False,,False,,,False,,,False,FAIL,Not in uptrend
HCLTECH.NS,HCL Technologies,1185.0,1222.95,False,,False,,,False,,,False,FAIL,Not in uptrend
ITC.NS,ITC,265.7,264.31,True,0.53,True,2026-10-07,0.0,False,0.0184,1.25,False,FAIL,EMA not rising
KOTAKBANK.NS,Kotak Bank,440.0,421.08,True,4.49,True,2026-10-07,0.0,True,0.0257,1.95,True,PASS,
SUNPHARMA.NS,Sun Pharmaceutical,1781.0,1812.76,False,,False,,,False,,,False,FAIL,Not in uptrend
AXISBANK.NS,Axis Bank,1242.5,1230.06,True,1.01,True,2026-10-07,0.0,False,0.0205,1.12,False,FAIL,EMA not rising
TITAN.NS,Titan,4377.0,4606.52,False,,False,,,False,,,False,FAIL,Not in uptrend
ULTRACEMCO.NS,UltraTech Cement,10658.0,10828.85,False,,False,,,False,,,False,FAIL,Not in uptrend
NTPC.NS,NTPC,316.75,320.92,False,,False,,,False,,,False,FAIL,Not in uptrend
BAJAJ.NS,Bajaj Finserv,,,False,,False,,,False,,,False,FAIL,Insufficient data
ADANIPORTS.NS,Adani Ports & SEZ,1750.1,1767.71,False,,False,,,False,,,False,FAIL,Not in uptrend
OIL.NS,Oil & Natural Gas Corporation,453.75,457.74,False,,False,,,False,,,False,FAIL,Not in uptrend
HINDUSTAN.NS,Hindustan Aeronautics,,,False,,False,,,False,,,False,FAIL,Insufficient data
BEL.NS,Bharat Electronics,378.3,386.36,False,,False,,,False,,,False,FAIL,Not in uptrend
JSWSTEEL.NS,JSW Steel,1230.0,1250.17,False,,False,,,False,,,False,FAIL,Not in uptrend
WIPRO.NS,Wipro,159.6,161.38,False,,False,,,False,,,False,FAIL,Not in uptrend
ETERNAL.NS,Eternal,328.0,325.13,True,0.88,True,2026-10-07,0.0,False,0.0279,1.62,False,FAIL,EMA not rising
ASIANPAINT.NS,Asian Paints,2372.1,2407.12,False,,False,,,False,,,False,FAIL,Not in uptrend
HINDUSTAN.NS,Hindustan Zinc,,,False,,False,,,False,,,False,FAIL,Insufficient data
BAJAJ-AUTO.NS,Bajaj Auto,9884.0,10428.58,False,,False,,,False,,,False,FAIL,Not in uptrend
COALINDIA.NS,Coal India,414.5,419.5,False,,False,,,False,,,False,FAIL,Not in uptrend
ADANIENT.NS,Adani Enterprises,2743.0,2858.01,False,,False,,,False,,,False,FAIL,Not in uptrend
POWERGRID.NS,Power Grid Corporation of India,253.05,258.65,False,,False,,,False,,,False,FAIL,Not in uptrend
NESTLEIND.NS,Nestle,1324.0,1335.68,False,,False,,,False,,,False,FAIL,Not in uptrend
AVENUE.NS,Avenue Supermarts DMart,,,False,,False,,,False,,,False,FAIL,Insufficient data
VEDL.NS,Vedanta,261.4,260.06,True,0.52,True,2026-10-07,0.0,False,0.0216,1.61,False,FAIL,EMA not rising
IOC.NS,Indian Oil Corporation,130.0,132.34,False,,False,,,False,,,False,FAIL,Not in uptrend
TATASTEEL.NS,Tata Steel,175.64,180.75,False,,False,,,False,,,False,FAIL,Not in uptrend
HINDALCO.NS,Hindalco Industries,910.85,945.75,False,,False,,,False,,,False,FAIL,Not in uptrend
SBILIFE.NS,SBI Life Insurance,1726.1,1728.04,False,,False,,,False,,,False,FAIL,Not in uptrend
EICHERMOT.NS,Eicher Motors,6960.0,7112.51,False,,False,,,False,,,False,FAIL,Not in uptrend
INTERGLOBE.NS,Interglobe Aviation,,,False,,False,,,False,,,False,FAIL,Insufficient data
GRASIM.NS,Grasim Industries,2921.1,3041.78,False,,False,,,False,,,False,FAIL,Not in uptrend
JIO.NS,Jio Financial Services,,,False,,False,,,False,,,False,FAIL,Insufficient data
SHRIRAMFIN.NS,Shriram Finance,948.0,969.41,False,,False,,,False,,,False,FAIL,Not in uptrend
TVS.NS,TVS Motors,,,False,,False,,,False,,,False,FAIL,Insufficient data
LTI.NS,LTI Mindtree,,,False,,False,,,False,,,False,FAIL,Insufficient data
DLF.NS,DLF,656.0,662.89,False,,False,,,False,,,False,FAIL,Not in uptrend
ADANIGREEN.NS,Adani Green Energy,1341.4,1295.4,True,3.55,True,2026-10-07,0.0,True,0.0306,1.29,True,PASS,
DIVIS.NS,Divis Laboratories,,,False,,False,,,False,,,False,FAIL,Insufficient data
IRFC.NS,IRFC,76.15,77.9,False,,False,,,False,,,False,FAIL,Not in uptrend
VARUN.NS,Varun Beverages,,,False,,False,,,False,,,False,FAIL,Insufficient data
BPCL.NS,Bharat Petroleum,296.35,301.39,False,,False,,,False,,,False,FAIL,Not in uptrend
HDFCLIFE.NS,HDFC Life Insurance,546.05,537.33,True,1.62,True,2026-10-07,0.0,False,0.0254,1.52,False,FAIL,EMA not rising
M&M.NS,Tech Mahindra,2800.0,2904.36,False,,False,,,False,,,False,FAIL,Not in uptrend
BANK.NS,Bank of Baroda,,,False,,False,,,False,,,False,FAIL,Insufficient data
TRENT.NS,Trent,2890.3,2728.79,True,5.92,True,2026-10-06,0.0,False,0.0217,3.9,False,FAIL,EMA not rising
MUTHOOT.NS,Muthoot Finance,,,False,,False,,,False,,,False,FAIL,Insufficient data
PIDILITIND.NS,Pidilite Industries,1488.5,1499.9,False,,False,,,False,,,False,FAIL,Not in uptrend
CHOLAMANDALAM.NS,Cholamandalam Investment,,,False,,False,,,False,,,False,FAIL,Insufficient data
BRITANNIA.NS,Britannia Industries,4780.0,4843.88,False,,False,,,False,,,False,FAIL,Not in uptrend
PUNJAB.NS,Punjab National Bank,,,False,,False,,,False,,,False,FAIL,Insufficient data
CANARA.NS,Canara Bank,,,False,,False,,,False,,,False,FAIL,Insufficient data
AMBUJA.NS,Ambuja Cements,,,False,,False,,,False,,,False,FAIL,Insufficient data
TATAMOTORS.NS,Tata Motors Passenger Vehicles,,,False,,False,,,False,,,False,FAIL,Insufficient data
TORRENT.NS,Torrent Pharmaceuticals,,,False,,False,,,False,,,False,FAIL,Insufficient data
SAMVARDHANA.NS,Samvardhana Motherson International,,,False,,False,,,False,,,False,FAIL,Insufficient data
VODAFONE.NS,Vodafone Idea,,,False,,False,,,False,,,False,FAIL,Insufficient data
ADANI.NS,Adani Energy Solutions,,,False,,False,,,False,,,False,FAIL,Insufficient data
GODREJCP.NS,Godrej Consumer Products,865.55,858.93,True,0.77,True,2026-10-07,0.0,False,0.018,1.42,False,FAIL,EMA not rising
TATAPOWER.NS,Tata Power,345.15,354.55,False,,False,,,False,,,False,FAIL,Not in uptrend
BAJAJ.NS,Bajaj Holdings & Investments,,,False,,False,,,False,,,False,FAIL,Insufficient data
CUMMINS.NS,Cummins,,,False,,False,,,False,,,False,FAIL,Insufficient data
POWER.NS,Power Finance Corporation,,,False,,False,,,False,,,False,FAIL,Insufficient data
CIPLA.NS,Cipla,1327.2,1351.81,False,,False,,,False,,,False,FAIL,Not in uptrend
UNION.NS,Union Bank of India,,,False,,False,,,False,,,False,FAIL,Insufficient data
HEROMOTOCO.NS,Hero Motocorp,5004.0,5165.0,False,,False,,,False,,,False,FAIL,Not in uptrend
POLYCAB.NS,Polycab,8310.0,8176.45,True,1.63,True,2026-10-07,0.0,False,0.0196,1.44,False,FAIL,EMA not rising
INDUS.NS,Indus Towers,,,False,,False,,,False,,,False,FAIL,Insufficient data
BOSCH.NS,Bosch,,,False,,False,,,False,,,False,FAIL,Insufficient data
INDIAN.NS,Indian Bank,,,False,,False,,,False,,,False,FAIL,Insufficient data
TATA.NS,Tata Consumer Products,,,False,,False,,,False,,,False,FAIL,Insufficient data
GAIL.NS,GAIL,170.71,171.09,False,,False,,,False,,,False,FAIL,Not in uptrend
HDFC.NS,HDFC AMC,,,False,,False,,,False,,,False,FAIL,Insufficient data
GMR.NS,GMR Airports,,,False,,False,,,False,,,False,FAIL,Insufficient data
SOLAR.NS,Solar Industries,,,False,,False,,,False,,,False,FAIL,Insufficient data
ASHOK.NS,Ashok Leyland,,,False,,False,,,False,,,False,FAIL,Insufficient data
SIEMENS.NS,Siemens,3793.0,3799.72,False,,False,,,False,,,False,FAIL,Not in uptrend
ABB.NS,ABB,7005.0,6986.41,True,0.27,True,2026-10-07,0.0,False,0.0229,1.82,False,FAIL,EMA not rising
JINDAL.NS,Jindal Steel,,,False,,False,,,False,,,False,FAIL,Insufficient data
BSE.NS,BSE,3356.0,3210.5,True,4.53,True,2026-10-07,0.0,False,0.0308,2.73,False,FAIL,EMA not rising
LODHA.NS,Lodha Developers,1109.4,1125.28,False,,False,,,False,,,False,FAIL,Not in uptrend
SWIGGY.NS,Swiggy,246.0,250.05,False,,False,,,False,,,False,FAIL,Not in uptrend
INDIAN.NS,Indian Hotels Company,,,False,,False,,,False,,,False,FAIL,Insufficient data
HINDPETRO.NS,Hindustan Petroleum,343.15,347.61,False,,False,,,False,,,False,FAIL,Not in uptrend
DRREDDY.NS,Dr Reddys Laboratories,1203.8,1207.06,False,,False,,,False,,,False,FAIL,Not in uptrend
BHARAT.NS,Bharat Heavy Electricals,,,False,,False,,,False,,,False,FAIL,Insufficient data
MAX.NS,Max Healthcare Institute,,,False,,False,,,False,,,False,FAIL,Insufficient data
APOLLOHOSP.NS,Apollo Hospitals,7917.0,8256.43,False,,False,,,False,,,False,FAIL,Not in uptrend
CG.NS,CG Power & Industrial Solutions,,,False,,False,,,False,,,False,FAIL,Insufficient data
MAZAGON.NS,Mazagon Dock Shipbuilders,,,False,,False,,,False,,,False,FAIL,Insufficient data
UNITED.NS,United Spirits,,,False,,False,,,False,,,False,FAIL,Insufficient data
REC.NS,REC,,,False,,False,,,False,,,False,FAIL,Insufficient data
PERSISTENT.NS,Persistent Systems,5507.0,5421.66,True,1.57,True,2026-10-07,0.0,True,0.0249,1.56,True,PASS,
MARICO.NS,Marico,787.25,795.13,False,,False,,,False,,,False,FAIL,Not in uptrend
ICICI.NS,ICICI Lombard General Insurance,,,False,,False,,,False,,,False,FAIL,Insufficient data
ICICI.NS,ICICI Prudential Life Insurance,,,False,,False,,,False,,,False,FAIL,Insufficient data
SHREE.NS,Shree Cement,,,False,,False,,,False,,,False,FAIL,Insufficient data
LUPIN.NS,Lupin,2012.9,2045.49,False,,False,,,False,,,False,FAIL,Not in uptrend
ADITYA.NS,Aditya Birla Capital,,,False,,False,,,False,,,False,FAIL,Insufficient data
DABUR.NS,Dabur India,383.55,382.14,True,0.37,True,2026-10-07,0.0,False,0.0182,0.86,False,FAIL,EMA not rising
ZYDUS.NS,Zydus Life Science,,,False,,False,,,False,,,False,FAIL,Insufficient data
MANKIND.NS,Mankind Pharma,2500.0,2485.33,True,0.59,True,2026-10-07,0.03,True,0.0247,2.12,True,PASS,
SRF.NS,SRF,2460.0,2481.47,False,,False,,,False,,,False,FAIL,Not in uptrend
HAVELLS.NS,Havells,1060.5,1060.83,False,,False,,,False,,,False,FAIL,Not in uptrend
JSW.NS,JSW Energy,,,False,,False,,,False,,,False,FAIL,Insufficient data
INFO.NS,Info Edge,,,False,,False,,,False,,,False,FAIL,Insufficient data
ONE.NS,One 97 Communications,,,False,,False,,,False,,,False,FAIL,Insufficient data
NHPC.NS,NHPC,72.5,73.28,False,,False,,,False,,,False,FAIL,Not in uptrend
HITACHI.NS,Hitachi Energy,,,False,,False,,,False,,,False,FAIL,Insufficient data
SBI.NS,SBI Cards,,,False,,False,,,False,,,False,FAIL,Insufficient data
WAAREE.NS,Waaree Energies,,,False,,False,,,False,,,False,FAIL,Insufficient data
PB.NS,PB FinTech,,,False,,False,,,False,,,False,FAIL,Insufficient data
L&T.NS,L&T Finance,,,False,,False,,,False,,,False,FAIL,Insufficient data
RAIL.NS,Rail Vikas Nigam,,,False,,False,,,False,,,False,FAIL,Insufficient data
UNO.NS,UNO Minda,,,False,,False,,,False,,,False,FAIL,Insufficient data
NYKAA.NS,Nykaa,341.25,333.54,True,2.31,True,2026-10-07,0.0,False,0.0253,1.67,False,FAIL,EMA not rising
AU.NS,AU Small Finance Bank,,,False,,False,,,False,,,False,FAIL,Insufficient data
SUZLON.NS,Suzlon Energy,38.34,39.67,False,,False,,,False,,,False,FAIL,Not in uptrend
NMDC.NS,NMDC,72.8,75.26,False,,False,,,False,,,False,FAIL,Not in uptrend
IDFC.NS,IDFC First Bank,,,False,,False,,,False,,,False,FAIL,Insufficient data
DIXON.NS,Dixon Technologies,13024.0,13041.33,False,,False,,,False,,,False,FAIL,Not in uptrend
BHARAT.NS,Bharat Forge,,,False,,False,,,False,,,False,FAIL,Insufficient data
AUROBINDO.NS,Aurobindo Pharma,,,False,,False,,,False,,,False,FAIL,Insufficient data
TORRENT.NS,Torrent Power,,,False,,False,,,False,,,False,FAIL,Insufficient data
INDUSINDBK.NS,Indusind Bank,874.9,901.58,False,,False,,,False,,,False,FAIL,Not in uptrend
YES.NS,Yes Bank,,,False,,False,,,False,,,False,FAIL,Insufficient data
OIL.NS,Oil India,453.75,457.74,False,,False,,,False,,,False,FAIL,Not in uptrend
PRESTIGE.NS,Prestige Estates Projects,1429.3,1462.23,False,,False,,,False,,,False,FAIL,Not in uptrend
FORTIS.NS,Fortis Healthcare,779.1,800.47,False,,False,,,False,,,False,FAIL,Not in uptrend
PHOENIX.NS,Phoenix Mills,,,False,,False,,,False,,,False,FAIL,Insufficient data
BANK.NS,Bank of India,,,False,,False,,,False,,,False,FAIL,Insufficient data
UPL.NS,UPL,495.0,522.62,False,,False,,,False,,,False,FAIL,Not in uptrend
ORACLE.NS,Oracle Financial Services Software,,,False,,False,,,False,,,False,FAIL,Insufficient data
ALKEM.NS,Alkem Laboratories,5350.5,5266.77,True,1.59,True,2026-10-07,0.0,False,0.0245,1.1,False,FAIL,EMA not rising
FEDERAL.NS,Federal Bank,,,False,,False,,,False,,,False,FAIL,Insufficient data
OBEROI.NS,Oberoi Realty,,,False,,False,,,False,,,False,FAIL,Insufficient data
GODREJ.NS,Godrej Properties,,,False,,False,,,False,,,False,FAIL,Insufficient data
STEEL.NS,Steel Authority of India,,,False,,False,,,False,,,False,FAIL,Insufficient data
NALCO.NS,NALCO,,,False,,False,,,False,,,False,FAIL,Insufficient data
PATANJALI.NS,Patanjali Foods,360.95,366.38,False,,False,,,False,,,False,FAIL,Not in uptrend
LAURUS.NS,Laurus Labs,,,False,,False,,,False,,,False,FAIL,Insufficient data
GLENMARK.NS,Glenmark Pharmaceuticals,2282.3,2340.47,False,,False,,,False,,,False,FAIL,Not in uptrend
MAX.NS,Max Financial Services,,,False,,False,,,False,,,False,FAIL,Insufficient data
COLGATE.NS,Colgate Palmolive,,,False,,False,,,False,,,False,FAIL,Insufficient data
MCX.NS,MCX,3362.6,3276.92,True,2.61,True,2026-10-07,0.0,False,0.0323,1.75,False,FAIL,EMA not rising
IRCTC.NS,IRCTC,453.65,456.02,False,,False,,,False,,,False,FAIL,Not in uptrend
COFORGE.NS,Coforge,1822.2,1815.36,True,0.38,True,2026-10-07,0.0,True,0.0281,1.87,True,PASS,
BHARAT.NS,Bharat Dynamics,,,False,,False,,,False,,,False,FAIL,Insufficient data
APOLLOHOSP.NS,APL Apollo Tubes,7917.0,8256.43,False,,False,,,False,,,False,FAIL,Not in uptrend
MPHASIS.NS,Mphasis,2289.0,2264.85,True,1.07,True,2026-10-07,0.0,False,0.027,1.99,False,FAIL,EMA not rising
BIOCON.NS,Biocon,360.0,372.45,False,,False,,,False,,,False,FAIL,Not in uptrend
KALYAN.NS,Kalyan Jewellers,,,False,,False,,,False,,,False,FAIL,Insufficient data
TUBE.NS,Tube Investment,,,False,,False,,,False,,,False,FAIL,Insufficient data
PI.NS,PI Industries,,,False,,False,,,False,,,False,FAIL,Insufficient data
360.NS,360 One WAM,,,False,,False,,,False,,,False,FAIL,Insufficient data
VOLTAS.NS,Voltas,1056.8,1079.13,False,,False,,,False,,,False,FAIL,Not in uptrend
HUDCO.NS,HUDCO,161.79,165.0,False,,False,,,False,,,False,FAIL,Not in uptrend
SUPREME.NS,Supreme Industries,29.98,30.99,False,,False,,,False,,,False,FAIL,Not in uptrend
PETRONET.NS,Petronet LNG,297.0,290.11,True,2.38,True,2026-10-07,0.0,True,0.0192,0.97,True,PASS,
KEI.NS,KEI Industries,4677.7,4586.62,True,1.99,True,2026-10-07,0.0,False,0.0225,1.54,False,FAIL,EMA not rising
IREDA.NS,IREDA,107.33,110.08,False,,False,,,False,,,False,FAIL,Not in uptrend
CONTAINER.NS,Container Corporation of India,,,False,,False,,,False,,,False,FAIL,Insufficient data
DALMIA.NS,Dalmia Bharat,,,False,,False,,,False,,,False,FAIL,Insufficient data
PAGE.NS,Page Industries,,,False,,False,,,False,,,False,FAIL,Insufficient data
ASTRAL.NS,Astral,1427.7,1391.29,True,2.62,True,2026-10-07,0.0,False,0.0241,1.63,False,FAIL,EMA not rising
PREMIER.NS,Premier Energies,2.74,2.69,True,1.78,True,2026-10-06,0.0,False,0.0722,2.99,False,FAIL,High volatility (0.0722 >= 0.05)
BLUE.NS,Blue Star,,,False,,False,,,False,,,False,FAIL,Insufficient data
JUBILANT.NS,Jubilant FoodWorks,,,False,,False,,,False,,,False,FAIL,Insufficient data
TATA.NS,Tata Elxsi,,,False,,False,,,False,,,False,FAIL,Insufficient data
NBCC.NS,NBCC,76.74,78.43,False,,False,,,False,,,False,FAIL,Not in uptrend
KPIT.NS,KPIT Technologies,,,False,,False,,,False,,,False,FAIL,Insufficient data
EXIDE.NS,Exide Industries,,,False,,False,,,False,,,False,FAIL,Insufficient data
CDSL.NS,CDSL,1275.0,1277.33,False,,False,,,False,,,False,FAIL,Not in uptrend
DELHIVERY.NS,Delhivery,398.15,409.04,False,,False,,,False,,,False,FAIL,Not in uptrend
SONA.NS,Sona BLW Precision Forgings,,,False,,False,,,False,,,False,FAIL,Insufficient data
LICI.NS,LIC Housing Finance,386.3,393.42,False,,False,,,False,,,False,FAIL,Not in uptrend
IIFL.NS,IIFL Finance,588.55,600.63,False,,False,,,False,,,False,FAIL,Not in uptrend
NUVAMA.NS,Nuvama Wealth Management,1825.9,1748.73,True,4.41,True,2026-10-07,0.0,True,0.0403,2.8,True,PASS,
KAYNES.NS,Kaynes Technology India,3365.0,3445.74,False,,False,,,False,,,False,FAIL,Not in uptrend
TATA.NS,Tata Technologies,,,False,,False,,,False,,,False,FAIL,Insufficient data
SYNGENE.NS,Syngene International,360.3,366.14,False,,False,,,False,,,False,FAIL,Not in uptrend
MANAPPURAM.NS,Manappuram Finance,308.9,313.53,False,,False,,,False,,,False,FAIL,Not in uptrend
PNB.NS,PNB Housing Finance,114.59,113.14,True,1.28,True,2026-10-07,0.0,False,0.0247,1.8,False,FAIL,EMA not rising
PIRAMAL.NS,Piramal Pharma,,,False,,False,,,False,,,False,FAIL,Insufficient data
BANDHAN.NS,Bandhan Bank,,,False,,False,,,False,,,False,FAIL,Insufficient data
AMBER.NS,Amber Enterprises,6925.0,6827.19,True,1.43,True,2026-10-07,0.0,False,0.0305,2.42,False,FAIL,EMA not rising
INOX.NS,Inox Wind,,,False,,False,,,False,,,False,FAIL,Insufficient data
